NAME,POSITION,SCHOOL,COMMENTS
Oscar Delp,TE,Georgia,Top30
Jonah Coleman,RB,Washington,Top30
Anthony Hill Jr.,LB,Texas,Top30
Lance Mason,TE,Washington,Top30
Tristan Leigh,OT,Clemson,Top30
Ted Hurst,WR,Georgia State,Top30+Private
Domonique Orange,DI,Iowa State,Top30
Jake Golday,LB,Cincinnati,Top30
CJ Daniels,WR,Miami,Top30
Darrell Jackson,DI,Florida State,Top30
Shiyazh Pete,OT,New Mexico State,Top30
De'Zhaun Stribling,WR,Ole Miss,Top30
Domonique Orange,DI,Iowa State,Top30
Vinny Anthony,WR,Wisconsin,Top30
Uar Bernard,DI,IPP,Top30
Mason Reiger,ED,Wisconsin,Top30
Emmett Johnson,RB,Nebraska,Top30+Combine
Demond Claiborne,RB,Wake Forest,Top30
Cole Wisniewski,DS,Texas Tech,Top30
Seth McGowan,RB,Kentucky,Top30
Kaelon Black,RB,Indiana,Top30
Kenyon Sadiq,TE,Oregon,Top30
Jeff Caldwell,WR,Cincinnati,Top30
Markel Bell,OT,Miami,ProDay+Combine
Treydan Stukes,DS,Arizona,Private+Combine
Jack Dingle,LB,Cincinnati,Private
Charles Demmings,CB,Stephen F. Austin,ProDay
Zxavian Harris,DI,Ole Miss,ProDay
Jayden Williams,OG,Ole Miss,Private
Jalon Kilgore,CB,South Carolina,Private
Rahsul Faison,RB,South Carolina,Private
Alex Harkey,OG,Oregon,Private
Cam Ball,DI,Arkansas,Private
Haynes King,QB,Georgia Tech,Private
Gracen Halton,DI,Oklahoma,Private
Chris Johnson,CB,San Diego State,ProDay
Latrell McCutchin Sr.,CB,Houston,ProDay
Kayden McDonald,DI,Ohio State,Combine
Kaytron Allen,RB,Penn State,Combine
Skyler Bell,WR,Connecticut,Combine
Austin Barber,OT,Florida,Combine
